priority,disposition,audience,cluster,cluster_canonical,status,in_sitemap,imp,clk,ctr,pos,slug,url,lastmod,reason
P0,FIX_SITEMAP_UPGRADE,B2C-misaligned,iphone-cost-by-model,iphone-screen-replacement-cost-uk-complete-price-guide-by-model-2026,indexed_with_traffic,False,1945,0,0.0,7.8,iphone-screen-replacement-cost-uk-complete-price-guide-by-model-2026,https://www.phonerepairspares.com/blog/iphone-screen-replacement-cost-uk-complete-price-guide-by-model-2026,,高曝光但不在 sitemap 且 0 点击：加入 sitemap + 修 schema/title 抢救
P0,FIX_SITEMAP_UPGRADE,B2C-misaligned,screen-tech-edu,how-are-mobile-phone-screens-made-complete-production-process-analysis-from-lcd-to-oled,indexed_with_traffic,False,841,0,0.0,11.6,how-are-mobile-phone-screens-made-complete-production-process-analysis-from-lcd-to-oled,https://www.phonerepairspares.com/blog/how-are-mobile-phone-screens-made-complete-production-process-analysis-from-lcd-to-oled,,高曝光但不在 sitemap 且 0 点击：加入 sitemap + 修 schema/title 抢救
P0,FIX_SITEMAP_UPGRADE,B2C-misaligned,screen-tech-edu,how-are-mobile-phone-screens-made-complete-production-process-analysis-from-lcd-to-oled,indexed_with_traffic,False,225,0,0.0,10.9,whats-the-real-difference-between-oled-and-lcd-phone-screens,https://www.phonerepairspares.com/blog/whats-the-real-difference-between-oled-and-lcd-phone-screens,,高曝光但不在 sitemap 且 0 点击：加入 sitemap + 修 schema/title 抢救
P0,FIX_SITEMAP_UPGRADE,B2C-misaligned,screen-tech-edu,how-are-mobile-phone-screens-made-complete-production-process-analysis-from-lcd-to-oled,indexed_with_traffic,False,125,0,0.0,9.0,oled-vs-lcd-comparison-guide,https://www.phonerepairspares.com/blog/oled-vs-lcd-comparison-guide,,高曝光但不在 sitemap 且 0 点击：加入 sitemap + 修 schema/title 抢救
P0,FIX_SITEMAP_UPGRADE,B2B,wholesaler-verify,how-can-you-find-trustworthy-wholesale-suppliers-for-mobile-phone-repair-parts-the-complete-quality-control-guide,indexed_with_traffic,False,185,0,0.0,6.6,how-can-you-find-trustworthy-wholesale-suppliers-for-mobile-phone-repair-parts-the-complete-quality-control-guide,https://www.phonerepairspares.com/blog/how-can-you-find-trustworthy-wholesale-suppliers-for-mobile-phone-repair-parts-the-complete-quality-control-guide,,高曝光但不在 sitemap 且 0 点击：加入 sitemap + 修 schema/title 抢救
P1,KEEP_UPGRADE,B2B,iphone-back-glass,is-your-iphone-14-pro-max-back-glass-worth-fixing-the-complete-cost-benefit-guide-for-repair-shop-owners,indexed_with_traffic,True,1049,6,0.6,11.8,is-your-iphone-14-pro-max-back-glass-worth-fixing-the-complete-cost-benefit-guide-for-repair-shop-owners,https://www.phonerepairspares.com/blog/is-your-iphone-14-pro-max-back-glass-worth-fixing-the-complete-cost-benefit-guide-for-repair-shop-owners,2026-04-22T02:04:51.085Z,已有点击，重点保留并升级（加原创数据/图片/作者署名）
P1,KEEP_UPGRADE,B2C-misaligned,iphone-cost-by-model,iphone-screen-replacement-cost-uk-complete-price-guide-by-model-2026,indexed_with_traffic,True,1004,1,0.0,10.2,which-iphone-14-pro-max-screen-replacement-option-delivers-the-best-value-for-your-repair-business,https://www.phonerepairspares.com/blog/which-iphone-14-pro-max-screen-replacement-option-delivers-the-best-value-for-your-repair-business,2026-04-22T02:04:51.085Z,已有点击，重点保留并升级（加原创数据/图片/作者署名）
P1,KEEP_UPGRADE,B2C-misaligned,iphone-cost-by-model,iphone-screen-replacement-cost-uk-complete-price-guide-by-model-2026,indexed_with_traffic,True,524,1,0.2,7.6,iphone-13-screen-replacement,https://www.phonerepairspares.com/blog/iphone-13-screen-replacement,2026-04-22T02:04:51.085Z,已有点击，重点保留并升级（加原创数据/图片/作者署名）
P1,KEEP_AS_CANONICAL,B2C-misaligned,iphone-issues-diagnosis,iphone-unknown-part-warning-screen-replacement-ic-transfer,indexed_with_traffic,True,73,0,0.0,7.3,iphone-unknown-part-warning-screen-replacement-ic-transfer,https://www.phonerepairspares.com/blog/iphone-unknown-part-warning-screen-replacement-ic-transfer,2026-04-22T02:04:51.085Z,作为集群 canonical：升级内容，承接其他页 301
P1,FIX_SITEMAP,B2C-misaligned,screen-tech-edu,how-are-mobile-phone-screens-made-complete-production-process-analysis-from-lcd-to-oled,indexed_with_traffic,False,38,0,0.0,12.0,oled-vs-lcd-comprehensive-comparison,https://www.phonerepairspares.com/blog/oled-vs-lcd-comprehensive-comparison,,已收录但不在 sitemap：加入 sitemap
P1,FIX_SITEMAP,B2B,wholesale-shop-business,when-repair-shops-restock-fast-moving-phone-parts,indexed_with_traffic,False,1,0,0.0,10.0,samsung-a-series-repair-parts-small-buyers-source-first,https://www.phonerepairspares.com/blog/samsung-a-series-repair-parts-small-buyers-source-first,,已收录但不在 sitemap：加入 sitemap
P1,UPGRADE,B2B,wholesaler-pricing-grades,how-do-you-choose-high-quality-screen-replacement-parts-for-your-phone,indexed_with_traffic,True,222,0,0.0,8.4,how-do-you-choose-high-quality-screen-replacement-parts-for-your-phone,https://www.phonerepairspares.com/blog/how-do-you-choose-high-quality-screen-replacement-parts-for-your-phone,2026-04-22T02:04:51.084Z,高曝光 0 点击：修 Title/Meta/Schema、加原创数据
P1,UPGRADE,B2B,wholesaler-pricing-grades,how-do-you-choose-high-quality-screen-replacement-parts-for-your-phone,indexed_with_traffic,True,148,0,0.0,8.1,iphone-14-screen-grade-repair-shops,https://www.phonerepairspares.com/blog/iphone-14-screen-grade-repair-shops,2026-04-22T02:04:51.085Z,高曝光 0 点击：修 Title/Meta/Schema、加原创数据
P2,KEEP_AS_CANONICAL_LOW,B2B,charging-port-flex-misc,how-to-choose-charging-ports-bulk-repair-orders,discovered_not_crawled,True,,,,,how-to-choose-charging-ports-bulk-repair-orders,https://www.phonerepairspares.com/blog/how-to-choose-charging-ports-bulk-repair-orders,2026-04-22T02:04:51.084Z,作为集群 canonical（低曝光）：升级内容
P2,MERGE_301,B2B,charging-port-flex-misc,how-to-choose-charging-ports-bulk-repair-orders,discovered_not_crawled,True,,,,,how-choose-charging-port-flex-cables-bulk-repair-orders,https://www.phonerepairspares.com/blog/how-choose-charging-port-flex-cables-bulk-repair-orders,2026-04-22T02:04:51.085Z,301 → /blog/how-to-choose-charging-ports-bulk-repair-orders（charging-port-flex-misc 集群）
P2,MERGE_301,B2B,charging-port-flex-misc,how-to-choose-charging-ports-bulk-repair-orders,discovered_not_crawled,True,,,,,why-third-party-lightning-cables-burn-pin-4,https://www.phonerepairspares.com/blog/why-third-party-lightning-cables-burn-pin-4,2026-04-22T02:04:51.085Z,301 → /blog/how-to-choose-charging-ports-bulk-repair-orders（charging-port-flex-misc 集群）
P2,MERGE_301,B2B,charging-port-flex-misc,how-to-choose-charging-ports-bulk-repair-orders,discovered_not_crawled,True,,,,,samsung-a-series-charging-port-failure-after-replacement,https://www.phonerepairspares.com/blog/samsung-a-series-charging-port-failure-after-replacement,2026-04-22T02:04:51.085Z,301 → /blog/how-to-choose-charging-ports-bulk-repair-orders（charging-port-flex-misc 集群）
P2,MERGE_301,B2B,iphone-back-glass,is-your-iphone-14-pro-max-back-glass-worth-fixing-the-complete-cost-benefit-guide-for-repair-shop-owners,discovered_not_crawled,True,,,,,iphone-housing-swap-nfc-apple-pay-troubleshooting,https://www.phonerepairspares.com/blog/iphone-housing-swap-nfc-apple-pay-troubleshooting,2026-04-22T02:04:51.085Z,301 → /blog/is-your-iphone-14-pro-max-back-glass-worth-fixing-the-complete-cost-benefit-guide-for-repair-shop-owners（iphone-back-glass 集群）
P2,MERGE_301,B2B,iphone-back-glass,is-your-iphone-14-pro-max-back-glass-worth-fixing-the-complete-cost-benefit-guide-for-repair-shop-owners,discovered_not_crawled,True,,,,,back-glass-replacement-iphone-guide,https://www.phonerepairspares.com/blog/back-glass-replacement-iphone-guide,2026-04-22T02:04:51.085Z,301 → /blog/is-your-iphone-14-pro-max-back-glass-worth-fixing-the-complete-cost-benefit-guide-for-repair-shop-owners（iphone-back-glass 集群）
P2,DELETE_NOINDEX,B2C-misaligned,iphone-battery-cost,common-iphone-battery-quality-problems-wholesale-buyers-check,indexed_no_traffic,True,,,,,phone-battery-replacement-safety-standards,https://www.phonerepairspares.com/blog/phone-battery-replacement-safety-standards,2026-04-22T02:04:51.084Z,B2C 错位集群非 canonical：noindex
P2,FIX_OR_DELETE,B2C-misaligned,iphone-battery-cost,common-iphone-battery-quality-problems-wholesale-buyers-check,discovered_not_crawled,False,,,,,why-are-mobile-phone-battery-replacement-safety-standards-critical-for-your-device-and-personal-safety,https://www.phonerepairspares.com/blog/why-are-mobile-phone-battery-replacement-safety-standards-critical-for-your-device-and-personal-safety,,GSC 知道但 sitemap 没有：核实文章是否仍发布；若已废弃返回 410
P2,FIX_OR_DELETE,B2C-misaligned,iphone-cost-by-model,iphone-screen-replacement-cost-uk-complete-price-guide-by-model-2026,discovered_not_crawled,False,,,,,iphone-14-screen-replacement-the-design-change-that-breaks-screens-and-how-to-avoid-it,https://www.phonerepairspares.com/blog/iphone-14-screen-replacement-the-design-change-that-breaks-screens-and-how-to-avoid-it,,GSC 知道但 sitemap 没有：核实文章是否仍发布；若已废弃返回 410
P2,DELETE_NOINDEX,B2C-misaligned,iphone-cost-by-model,iphone-screen-replacement-cost-uk-complete-price-guide-by-model-2026,indexed_no_traffic,True,,,,,iphone-15-screen-replacement-cost-quality,https://www.phonerepairspares.com/blog/iphone-15-screen-replacement-cost-quality,2026-04-22T02:04:51.084Z,B2C 错位集群非 canonical：noindex
P2,DELETE_NOINDEX,B2C-misaligned,iphone-cost-by-model,iphone-screen-replacement-cost-uk-complete-price-guide-by-model-2026,indexed_no_traffic,True,,,,,iphone-15-screen-replacement-cost-repair-shops,https://www.phonerepairspares.com/blog/iphone-15-screen-replacement-cost-repair-shops,2026-04-22T02:04:51.084Z,B2C 错位集群非 canonical：noindex
P2,DELETE_NOINDEX,B2C-misaligned,iphone-cost-by-model,iphone-screen-replacement-cost-uk-complete-price-guide-by-model-2026,indexed_no_traffic,True,,,,,iphone-14-screen-replacement-design-fix,https://www.phonerepairspares.com/blog/iphone-14-screen-replacement-design-fix,2026-04-22T02:04:51.085Z,B2C 错位集群非 canonical：noindex
P2,DELETE_NOINDEX,B2C-misaligned,iphone-cost-by-model,iphone-screen-replacement-cost-uk-complete-price-guide-by-model-2026,indexed_no_traffic,True,,,,,iphone-charging-port-replacement-cost-uk,https://www.phonerepairspares.com/blog/iphone-charging-port-replacement-cost-uk,2026-04-22T02:04:51.085Z,B2C 错位集群非 canonical：noindex
P2,DELETE_NOINDEX,B2C-misaligned,iphone-cost-by-model,iphone-screen-replacement-cost-uk-complete-price-guide-by-model-2026,indexed_no_traffic,True,,,,,iphone-15-screen-replacement,https://www.phonerepairspares.com/blog/iphone-15-screen-replacement,2026-04-22T02:04:51.085Z,B2C 错位集群非 canonical：noindex
P2,FIX_OR_DELETE,B2C-misaligned,iphone-cost-by-model,iphone-screen-replacement-cost-uk-complete-price-guide-by-model-2026,discovered_not_crawled,False,,,,,iphone-15-screen-replacement-the-real-cost-quality-grades-what-repair-shops-wont-tell-you,https://www.phonerepairspares.com/blog/iphone-15-screen-replacement-the-real-cost-quality-grades-what-repair-shops-wont-tell-you,,GSC 知道但 sitemap 没有：核实文章是否仍发布；若已废弃返回 410
P2,DELETE_NOINDEX,B2C-misaligned,iphone-cost-by-model,iphone-screen-replacement-cost-uk-complete-price-guide-by-model-2026,indexed_no_traffic,True,,,,,iphone-16-screen-replacement,https://www.phonerepairspares.com/blog/iphone-16-screen-replacement,2026-04-22T02:04:51.085Z,B2C 错位集群非 canonical：noindex
P2,KEEP_AS_CANONICAL_LOW,B2B,lcd-refurb,diy-vs-professional-phone-screen-repair,discovered_not_crawled,True,,,,,diy-vs-professional-phone-screen-repair,https://www.phonerepairspares.com/blog/diy-vs-professional-phone-screen-repair,2026-04-22T02:04:51.085Z,作为集群 canonical（低曝光）：升级内容
P2,MERGE_301,B2B,lcd-refurb,diy-vs-professional-phone-screen-repair,discovered_not_crawled,True,,,,,lcd-refurbishing-beginner-mistakes-and-tools,https://www.phonerepairspares.com/blog/lcd-refurbishing-beginner-mistakes-and-tools,2026-04-22T02:04:51.085Z,301 → /blog/diy-vs-professional-phone-screen-repair（lcd-refurb 集群）
P2,DELETE_NOINDEX,B2C-misaligned,screen-tech-edu,how-are-mobile-phone-screens-made-complete-production-process-analysis-from-lcd-to-oled,indexed_no_traffic,True,,,,,how-phone-screens-are-made-lcd-oled,https://www.phonerepairspares.com/blog/how-phone-screens-are-made-lcd-oled,2026-04-22T02:04:51.084Z,B2C 错位集群非 canonical：noindex
P2,KEEP_AS_CANONICAL_LOW,B2B,shipping-import,air-freight-vs-sea-freight-phone-parts,discovered_not_crawled,True,,,,,air-freight-vs-sea-freight-phone-parts,https://www.phonerepairspares.com/blog/air-freight-vs-sea-freight-phone-parts,2026-04-22T02:04:51.085Z,作为集群 canonical（低曝光）：升级内容
P2,MERGE_301,B2B,shipping-import,air-freight-vs-sea-freight-phone-parts,discovered_not_crawled,True,,,,,uk-eu-import-phone-parts-china,https://www.phonerepairspares.com/blog/uk-eu-import-phone-parts-china,2026-04-22T02:04:51.085Z,301 → /blog/air-freight-vs-sea-freight-phone-parts（shipping-import 集群）
P2,KEEP_AS_CANONICAL_LOW,B2B,wholesale-batteries,buying-iphone-batteries-bulk-repair-business,discovered_not_crawled,True,,,,,buying-iphone-batteries-bulk-repair-business,https://www.phonerepairspares.com/blog/buying-iphone-batteries-bulk-repair-business,2026-04-22T02:04:51.085Z,作为集群 canonical（低曝光）：升级内容
P2,MERGE_301,B2B,wholesale-batteries,buying-iphone-batteries-bulk-repair-business,discovered_not_crawled,True,,,,,iphone-battery-specs-wholesale-buying-guide,https://www.phonerepairspares.com/blog/iphone-battery-specs-wholesale-buying-guide,2026-04-22T02:04:51.085Z,301 → /blog/buying-iphone-batteries-bulk-repair-business（wholesale-batteries 集群）
P2,MERGE_301,B2B,wholesale-batteries,buying-iphone-batteries-bulk-repair-business,discovered_not_crawled,True,,,,,how-repair-shops-choose-iphone-battery-grades-wholesale-orders,https://www.phonerepairspares.com/blog/how-repair-shops-choose-iphone-battery-grades-wholesale-orders,2026-04-22T02:04:51.085Z,301 → /blog/buying-iphone-batteries-bulk-repair-business（wholesale-batteries 集群）
P2,KEEP_AS_CANONICAL_LOW,B2B,wholesale-shop-business,when-repair-shops-restock-fast-moving-phone-parts,indexed_with_traffic,True,2,0,0.0,9.0,when-repair-shops-restock-fast-moving-phone-parts,https://www.phonerepairspares.com/blog/when-repair-shops-restock-fast-moving-phone-parts,2026-04-22T02:04:51.085Z,作为集群 canonical（低曝光）：升级内容
P2,MERGE_301,B2B,wholesale-shop-business,when-repair-shops-restock-fast-moving-phone-parts,indexed_with_traffic,True,1,0,0.0,4.0,which-small-phone-parts-create-most-repeat-demand-repair-shops,https://www.phonerepairspares.com/blog/which-small-phone-parts-create-most-repeat-demand-repair-shops,2026-04-22T02:04:51.085Z,301 → /blog/when-repair-shops-restock-fast-moving-phone-parts（wholesale-shop-business 集群）
P2,MERGE_301,B2B,wholesale-shop-business,when-repair-shops-restock-fast-moving-phone-parts,discovered_not_crawled,True,,,,,best-phone-screen-models-stock-bulk-2026,https://www.phonerepairspares.com/blog/best-phone-screen-models-stock-bulk-2026,2026-04-22T02:04:51.085Z,301 → /blog/when-repair-shops-restock-fast-moving-phone-parts（wholesale-shop-business 集群）
P2,MERGE_301,B2B,wholesale-shop-business,when-repair-shops-restock-fast-moving-phone-parts,discovered_not_crawled,True,,,,,repair-shop-customer-dispute-script-2026,https://www.phonerepairspares.com/blog/repair-shop-customer-dispute-script-2026,2026-04-22T02:04:51.085Z,301 → /blog/when-repair-shops-restock-fast-moving-phone-parts（wholesale-shop-business 集群）
P2,MERGE_301,B2B,wholesale-shop-business,when-repair-shops-restock-fast-moving-phone-parts,discovered_not_crawled,True,,,,,repair-shop-budget-split-screens-batteries-small-parts,https://www.phonerepairspares.com/blog/repair-shop-budget-split-screens-batteries-small-parts,2026-04-22T02:04:51.085Z,301 → /blog/when-repair-shops-restock-fast-moving-phone-parts（wholesale-shop-business 集群）
P2,MERGE_301,B2B,wholesale-shop-business,when-repair-shops-restock-fast-moving-phone-parts,discovered_not_crawled,True,,,,,repair-shops-buy-screens-bulk,https://www.phonerepairspares.com/blog/repair-shops-buy-screens-bulk,2026-04-22T02:04:51.085Z,301 → /blog/when-repair-shops-restock-fast-moving-phone-parts（wholesale-shop-business 集群）
P2,MERGE_301,B2B,wholesale-shop-business,when-repair-shops-restock-fast-moving-phone-parts,discovered_not_crawled,True,,,,,phone-screen-repair-pricing-strategy,https://www.phonerepairspares.com/blog/phone-screen-repair-pricing-strategy,2026-04-22T02:04:51.085Z,301 → /blog/when-repair-shops-restock-fast-moving-phone-parts（wholesale-shop-business 集群）
P2,MERGE_301,B2B,wholesale-shop-business,when-repair-shops-restock-fast-moving-phone-parts,discovered_not_crawled,True,,,,,how-small-repair-shops-buy-phone-parts-mixed-orders,https://www.phonerepairspares.com/blog/how-small-repair-shops-buy-phone-parts-mixed-orders,2026-04-22T02:04:51.085Z,301 → /blog/when-repair-shops-restock-fast-moving-phone-parts（wholesale-shop-business 集群）
P2,MERGE_301,B2B,wholesale-shop-business,when-repair-shops-restock-fast-moving-phone-parts,discovered_not_crawled,True,,,,,combine-batteries-charging-ports-small-parts-one-repair-order,https://www.phonerepairspares.com/blog/combine-batteries-charging-ports-small-parts-one-repair-order,2026-04-22T02:04:51.085Z,301 → /blog/when-repair-shops-restock-fast-moving-phone-parts（wholesale-shop-business 集群）
P2,MERGE_301,B2B,wholesale-shop-business,when-repair-shops-restock-fast-moving-phone-parts,discovered_not_crawled,True,,,,,which-repair-parts-bring-most-repeat-orders,https://www.phonerepairspares.com/blog/which-repair-parts-bring-most-repeat-orders,2026-04-22T02:04:51.085Z,301 → /blog/when-repair-shops-restock-fast-moving-phone-parts（wholesale-shop-business 集群）
P2,MERGE_301,B2B,wholesale-shop-business,when-repair-shops-restock-fast-moving-phone-parts,discovered_not_crawled,True,,,,,phone-parts-reorder-monthly-repair-shops,https://www.phonerepairspares.com/blog/phone-parts-reorder-monthly-repair-shops,2026-04-22T02:04:51.085Z,301 → /blog/when-repair-shops-restock-fast-moving-phone-parts（wholesale-shop-business 集群）
P2,MERGE_301,B2B,wholesale-shop-business,when-repair-shops-restock-fast-moving-phone-parts,discovered_not_crawled,True,,,,,phone-repair-shop-additional-revenue-streams-2026,https://www.phonerepairspares.com/blog/phone-repair-shop-additional-revenue-streams-2026,2026-04-22T02:04:51.085Z,301 → /blog/when-repair-shops-restock-fast-moving-phone-parts（wholesale-shop-business 集群）
P2,MERGE_301,B2B,wholesale-shop-business,when-repair-shops-restock-fast-moving-phone-parts,discovered_not_crawled,True,,,,,samsung-a-series-vs-iphone-parts-stock-first,https://www.phonerepairspares.com/blog/samsung-a-series-vs-iphone-parts-stock-first,2026-04-22T02:04:51.084Z,301 → /blog/when-repair-shops-restock-fast-moving-phone-parts（wholesale-shop-business 集群）
P2,MERGE_301,B2B,wholesale-shop-business,when-repair-shops-restock-fast-moving-phone-parts,discovered_not_crawled,True,,,,,phone-parts-small-repair-shop-stock-2026,https://www.phonerepairspares.com/blog/phone-parts-small-repair-shop-stock-2026,2026-04-22T02:04:51.085Z,301 → /blog/when-repair-shops-restock-fast-moving-phone-parts（wholesale-shop-business 集群）
P2,MERGE_301,B2B,wholesale-shop-business,when-repair-shops-restock-fast-moving-phone-parts,discovered_not_crawled,True,,,,,how-new-repair-shops-build-a-starter-inventory-without-overstocking,https://www.phonerepairspares.com/blog/how-new-repair-shops-build-a-starter-inventory-without-overstocking,2026-04-22T02:04:51.085Z,301 → /blog/when-repair-shops-restock-fast-moving-phone-parts（wholesale-shop-business 集群）
P2,MERGE_301,B2B,wholesale-shop-business,when-repair-shops-restock-fast-moving-phone-parts,discovered_not_crawled,True,,,,,samsung-a-series-repair-parts-stock-guide,https://www.phonerepairspares.com/blog/samsung-a-series-repair-parts-stock-guide,2026-04-22T02:04:51.085Z,301 → /blog/when-repair-shops-restock-fast-moving-phone-parts（wholesale-shop-business 集群）
P2,FIX_OR_DELETE,B2B,wholesale-shop-business,when-repair-shops-restock-fast-moving-phone-parts,discovered_not_crawled,False,,,,,how-can-you-capitalize-on-the-4552b-mobile-repair-boom-with-premium-wholesale-strategies,https://www.phonerepairspares.com/blog/how-can-you-capitalize-on-the-4552b-mobile-repair-boom-with-premium-wholesale-strategies,,GSC 知道但 sitemap 没有：核实文章是否仍发布；若已废弃返回 410
P2,MERGE_301,B2B,wholesale-shop-business,when-repair-shops-restock-fast-moving-phone-parts,indexed_no_traffic,True,,,,,mobile-repair-wholesale-growth-strategies,https://www.phonerepairspares.com/blog/mobile-repair-wholesale-growth-strategies,2026-04-22T02:04:51.085Z,301 → /blog/when-repair-shops-restock-fast-moving-phone-parts（wholesale-shop-business 集群）
P2,MERGE_301,B2B,wholesale-shop-business,when-repair-shops-restock-fast-moving-phone-parts,discovered_not_crawled,True,,,,,best-iphone-repair-roi-small-shops-2026,https://www.phonerepairspares.com/blog/best-iphone-repair-roi-small-shops-2026,2026-04-22T02:04:51.085Z,301 → /blog/when-repair-shops-restock-fast-moving-phone-parts（wholesale-shop-business 集群）
P2,MERGE_301,B2B,wholesale-shop-business,when-repair-shops-restock-fast-moving-phone-parts,discovered_not_crawled,True,,,,,phone-screen-warranty-return-policy-wholesale,https://www.phonerepairspares.com/blog/phone-screen-warranty-return-policy-wholesale,2026-04-22T02:04:51.085Z,301 → /blog/when-repair-shops-restock-fast-moving-phone-parts（wholesale-shop-business 集群）
P2,MERGE_301,B2B,wholesaler-pricing-grades,how-do-you-choose-high-quality-screen-replacement-parts-for-your-phone,indexed_with_traffic,True,57,0,0.0,4.9,phone-lcd-parts-wholesale-quality-grades-pricing-supplier-guide,https://www.phonerepairspares.com/blog/phone-lcd-parts-wholesale-quality-grades-pricing-supplier-guide,2026-04-22T02:04:51.085Z,301 → /blog/how-do-you-choose-high-quality-screen-replacement-parts-for-your-phone（wholesaler-pricing-grades 集群）
P2,MERGE_301,B2B,wholesaler-pricing-grades,how-do-you-choose-high-quality-screen-replacement-parts-for-your-phone,indexed_with_traffic,True,28,0,0.0,5.9,the-3-minute-iphone-oled-test-that-saved-me-12000-in-bad-screens,https://www.phonerepairspares.com/blog/the-3-minute-iphone-oled-test-that-saved-me-12000-in-bad-screens,2026-04-22T02:04:51.085Z,301 → /blog/how-do-you-choose-high-quality-screen-replacement-parts-for-your-phone（wholesaler-pricing-grades 集群）
P2,MERGE_301,B2B,wholesaler-pricing-grades,how-do-you-choose-high-quality-screen-replacement-parts-for-your-phone,indexed_with_traffic,True,27,0,0.0,6.6,wholesale-phone-screens-vs-oem-aftermarket-profit,https://www.phonerepairspares.com/blog/wholesale-phone-screens-vs-oem-aftermarket-profit,2026-04-22T02:04:51.085Z,301 → /blog/how-do-you-choose-high-quality-screen-replacement-parts-for-your-phone（wholesaler-pricing-grades 集群）
P2,MERGE_301,B2B,wholesaler-pricing-grades,how-do-you-choose-high-quality-screen-replacement-parts-for-your-phone,indexed_with_traffic,True,25,0,0.0,5.9,phone-parts-buying-budget-vs-premium-markets,https://www.phonerepairspares.com/blog/phone-parts-buying-budget-vs-premium-markets,2026-04-22T02:04:51.085Z,301 → /blog/how-do-you-choose-high-quality-screen-replacement-parts-for-your-phone（wholesaler-pricing-grades 集群）
P2,MERGE_301,B2B,wholesaler-pricing-grades,how-do-you-choose-high-quality-screen-replacement-parts-for-your-phone,indexed_with_traffic,True,3,0,0.0,6.0,phone-parts-grading-explained-grade-a-meaning,https://www.phonerepairspares.com/blog/phone-parts-grading-explained-grade-a-meaning,2026-04-22T02:04:51.085Z,301 → /blog/how-do-you-choose-high-quality-screen-replacement-parts-for-your-phone（wholesaler-pricing-grades 集群）
P2,MERGE_301,B2B,wholesaler-pricing-grades,how-do-you-choose-high-quality-screen-replacement-parts-for-your-phone,discovered_not_crawled,True,,,,,battery-reset-scams-how-wholesale-buyers-check-if-a-battery-is-really-new,https://www.phonerepairspares.com/blog/battery-reset-scams-how-wholesale-buyers-check-if-a-battery-is-really-new,2026-04-22T02:04:51.085Z,301 → /blog/how-do-you-choose-high-quality-screen-replacement-parts-for-your-phone（wholesaler-pricing-grades 集群）
P2,MERGE_301,B2B,wholesaler-pricing-grades,how-do-you-choose-high-quality-screen-replacement-parts-for-your-phone,discovered_not_crawled,True,,,,,iphone-15-screen-grade-repair-shops,https://www.phonerepairspares.com/blog/iphone-15-screen-grade-repair-shops,2026-04-22T02:04:51.084Z,301 → /blog/how-do-you-choose-high-quality-screen-replacement-parts-for-your-phone（wholesaler-pricing-grades 集群）
P2,FIX_OR_DELETE,B2B,wholesaler-pricing-grades,how-do-you-choose-high-quality-screen-replacement-parts-for-your-phone,discovered_not_crawled,False,,,,,cell-phone-screen-replacement-wholesale-oem-vs-aftermarket-quality-the-insiders-guide,https://www.phonerepairspares.com/blog/cell-phone-screen-replacement-wholesale-oem-vs-aftermarket-quality-the-insiders-guide,,GSC 知道但 sitemap 没有：核实文章是否仍发布；若已废弃返回 410
P2,MERGE_301,B2B,wholesaler-pricing-grades,how-do-you-choose-high-quality-screen-replacement-parts-for-your-phone,indexed_no_traffic,True,,,,,small-repair-parts-quality-guide,https://www.phonerepairspares.com/blog/small-repair-parts-quality-guide,2026-04-22T02:04:51.085Z,301 → /blog/how-do-you-choose-high-quality-screen-replacement-parts-for-your-phone（wholesaler-pricing-grades 集群）
P2,MERGE_301,B2B,wholesaler-pricing-grades,how-do-you-choose-high-quality-screen-replacement-parts-for-your-phone,discovered_not_crawled,True,,,,,is-this-iphone-battery-safe-to-reuse-test-guide,https://www.phonerepairspares.com/blog/is-this-iphone-battery-safe-to-reuse-test-guide,2026-04-22T02:04:51.085Z,301 → /blog/how-do-you-choose-high-quality-screen-replacement-parts-for-your-phone（wholesaler-pricing-grades 集群）
P2,MERGE_301,B2B,wholesaler-pricing-grades,how-do-you-choose-high-quality-screen-replacement-parts-for-your-phone,discovered_not_crawled,True,,,,,iphone-screen-replacement-wholesale-repair-business,https://www.phonerepairspares.com/blog/iphone-screen-replacement-wholesale-repair-business,2026-04-22T02:04:51.085Z,301 → /blog/how-do-you-choose-high-quality-screen-replacement-parts-for-your-phone（wholesaler-pricing-grades 集群）
P2,MERGE_301,B2B,wholesaler-pricing-grades,how-do-you-choose-high-quality-screen-replacement-parts-for-your-phone,indexed_no_traffic,True,,,,,phone-screen-wholesale-oem-vs-aftermarket,https://www.phonerepairspares.com/blog/phone-screen-wholesale-oem-vs-aftermarket,2026-04-22T02:04:51.085Z,301 → /blog/how-do-you-choose-high-quality-screen-replacement-parts-for-your-phone（wholesaler-pricing-grades 集群）
P2,MERGE_301,B2B,wholesaler-pricing-grades,how-do-you-choose-high-quality-screen-replacement-parts-for-your-phone,discovered_not_crawled,True,,,,,wholesale-iphone-screens-grades-prices-moq,https://www.phonerepairspares.com/blog/wholesale-iphone-screens-grades-prices-moq,2026-04-22T02:04:51.085Z,301 → /blog/how-do-you-choose-high-quality-screen-replacement-parts-for-your-phone（wholesaler-pricing-grades 集群）
P2,MERGE_301,B2B,wholesaler-pricing-grades,how-do-you-choose-high-quality-screen-replacement-parts-for-your-phone,discovered_not_crawled,True,,,,,wholesale-iphone-screens-avoid-overstocking,https://www.phonerepairspares.com/blog/wholesale-iphone-screens-avoid-overstocking,2026-04-22T02:04:51.084Z,301 → /blog/how-do-you-choose-high-quality-screen-replacement-parts-for-your-phone（wholesaler-pricing-grades 集群）
P2,MERGE_301,B2B,wholesaler-pricing-grades,how-do-you-choose-high-quality-screen-replacement-parts-for-your-phone,indexed_no_traffic,True,,,,,oem-vs-aftermarket-iphone-15-profit-margin,https://www.phonerepairspares.com/blog/oem-vs-aftermarket-iphone-15-profit-margin,2026-04-22T02:04:51.085Z,301 → /blog/how-do-you-choose-high-quality-screen-replacement-parts-for-your-phone（wholesaler-pricing-grades 集群）
P2,MERGE_301,B2B,wholesaler-pricing-grades,how-do-you-choose-high-quality-screen-replacement-parts-for-your-phone,discovered_not_crawled,True,,,,,cell-phone-screens-wholesale-repair-shops-2026,https://www.phonerepairspares.com/blog/cell-phone-screens-wholesale-repair-shops-2026,2026-04-22T02:04:51.084Z,301 → /blog/how-do-you-choose-high-quality-screen-replacement-parts-for-your-phone（wholesaler-pricing-grades 集群）
P2,MERGE_301,B2B,wholesaler-pricing-grades,how-do-you-choose-high-quality-screen-replacement-parts-for-your-phone,discovered_not_crawled,True,,,,,wholesale-iphone-screens-pricing-guide,https://www.phonerepairspares.com/blog/wholesale-iphone-screens-pricing-guide,2026-04-22T02:04:51.085Z,301 → /blog/how-do-you-choose-high-quality-screen-replacement-parts-for-your-phone（wholesaler-pricing-grades 集群）
P2,MERGE_301,B2B,wholesaler-pricing-grades,how-do-you-choose-high-quality-screen-replacement-parts-for-your-phone,discovered_not_crawled,True,,,,,wholesale-phone-screens-choose-supplier,https://www.phonerepairspares.com/blog/wholesale-phone-screens-choose-supplier,2026-04-22T02:04:51.085Z,301 → /blog/how-do-you-choose-high-quality-screen-replacement-parts-for-your-phone（wholesaler-pricing-grades 集群）
P2,FIX_OR_DELETE,B2B,wholesaler-pricing-grades,how-do-you-choose-high-quality-screen-replacement-parts-for-your-phone,discovered_not_crawled,False,,,,,phone-lcd-parts-wholesale-the-complete-guide-to-quality-grades-pricing-choosing-the-right-supplier,https://www.phonerepairspares.com/blog/phone-lcd-parts-wholesale-the-complete-guide-to-quality-grades-pricing-choosing-the-right-supplier,,GSC 知道但 sitemap 没有：核实文章是否仍发布；若已废弃返回 410
P2,MERGE_301,B2B,wholesaler-pricing-grades,how-do-you-choose-high-quality-screen-replacement-parts-for-your-phone,discovered_not_crawled,True,,,,,aftermarket-screen-customer-complaints,https://www.phonerepairspares.com/blog/aftermarket-screen-customer-complaints,2026-04-22T02:04:51.085Z,301 → /blog/how-do-you-choose-high-quality-screen-replacement-parts-for-your-phone（wholesaler-pricing-grades 集群）
P2,MERGE_301,B2B,wholesaler-pricing-grades,how-do-you-choose-high-quality-screen-replacement-parts-for-your-phone,discovered_not_crawled,True,,,,,why-incoming-screen-qc-should-go-beyond-bench-testing,https://www.phonerepairspares.com/blog/why-incoming-screen-qc-should-go-beyond-bench-testing,2026-04-22T02:04:51.085Z,301 → /blog/how-do-you-choose-high-quality-screen-replacement-parts-for-your-phone（wholesaler-pricing-grades 集群）
P2,MERGE_301,B2B,wholesaler-pricing-grades,how-do-you-choose-high-quality-screen-replacement-parts-for-your-phone,discovered_not_crawled,True,,,,,incoming-qc-wholesale-phone-screens,https://www.phonerepairspares.com/blog/incoming-qc-wholesale-phone-screens,2026-04-22T02:04:51.085Z,301 → /blog/how-do-you-choose-high-quality-screen-replacement-parts-for-your-phone（wholesaler-pricing-grades 集群）
P2,MERGE_301,B2B,wholesaler-pricing-grades,how-do-you-choose-high-quality-screen-replacement-parts-for-your-phone,discovered_not_crawled,True,,,,,wholesale-samsung-screens-guide,https://www.phonerepairspares.com/blog/wholesale-samsung-screens-guide,2026-04-22T02:04:51.085Z,301 → /blog/how-do-you-choose-high-quality-screen-replacement-parts-for-your-phone（wholesaler-pricing-grades 集群）
P2,MERGE_301,B2B,wholesaler-pricing-grades,how-do-you-choose-high-quality-screen-replacement-parts-for-your-phone,discovered_not_crawled,True,,,,,oem-vs-aftermarket-phone-screens,https://www.phonerepairspares.com/blog/oem-vs-aftermarket-phone-screens,2026-04-22T02:04:51.085Z,301 → /blog/how-do-you-choose-high-quality-screen-replacement-parts-for-your-phone（wholesaler-pricing-grades 集群）
P2,MERGE_301,B2B,wholesaler-verify,how-can-you-find-trustworthy-wholesale-suppliers-for-mobile-phone-repair-parts-the-complete-quality-control-guide,indexed_with_traffic,True,87,0,0.0,4.3,how-to-choose-phone-parts-supplier,https://www.phonerepairspares.com/blog/how-to-choose-phone-parts-supplier,2026-04-22T02:04:51.085Z,301 → /blog/how-can-you-find-trustworthy-wholesale-suppliers-for-mobile-phone-repair-parts-the-complete-quality-control-guide（wholesaler-verify 集群）
P2,MERGE_301,B2B,wholesaler-verify,how-can-you-find-trustworthy-wholesale-suppliers-for-mobile-phone-repair-parts-the-complete-quality-control-guide,indexed_with_traffic,True,3,0,0.0,4.3,how-repair-shops-should-use-technical-questions-to-screen-suppliers,https://www.phonerepairspares.com/blog/how-repair-shops-should-use-technical-questions-to-screen-suppliers,2026-04-22T02:04:51.085Z,301 → /blog/how-can-you-find-trustworthy-wholesale-suppliers-for-mobile-phone-repair-parts-the-complete-quality-control-guide（wholesaler-verify 集群）
P2,MERGE_301,B2B,wholesaler-verify,how-can-you-find-trustworthy-wholesale-suppliers-for-mobile-phone-repair-parts-the-complete-quality-control-guide,discovered_not_crawled,True,,,,,check-before-repeat-order-phone-parts-supplier,https://www.phonerepairspares.com/blog/check-before-repeat-order-phone-parts-supplier,2026-04-22T02:04:51.085Z,301 → /blog/how-can-you-find-trustworthy-wholesale-suppliers-for-mobile-phone-repair-parts-the-complete-quality-control-guide（wholesaler-verify 集群）
P2,MERGE_301,B2B,wholesaler-verify,how-can-you-find-trustworthy-wholesale-suppliers-for-mobile-phone-repair-parts-the-complete-quality-control-guide,discovered_not_crawled,True,,,,,wholesale-phone-parts-supplier-uk,https://www.phonerepairspares.com/blog/wholesale-phone-parts-supplier-uk,2026-04-22T02:04:51.085Z,301 → /blog/how-can-you-find-trustworthy-wholesale-suppliers-for-mobile-phone-repair-parts-the-complete-quality-control-guide（wholesaler-verify 集群）
P2,MERGE_301,B2B,wholesaler-verify,how-can-you-find-trustworthy-wholesale-suppliers-for-mobile-phone-repair-parts-the-complete-quality-control-guide,discovered_not_crawled,True,,,,,phone-parts-supplier-relationship,https://www.phonerepairspares.com/blog/phone-parts-supplier-relationship,2026-04-22T02:04:51.085Z,301 → /blog/how-can-you-find-trustworthy-wholesale-suppliers-for-mobile-phone-repair-parts-the-complete-quality-control-guide（wholesaler-verify 集群）
P2,MERGE_301,B2B,wholesaler-verify,how-can-you-find-trustworthy-wholesale-suppliers-for-mobile-phone-repair-parts-the-complete-quality-control-guide,indexed_no_traffic,True,,,,,iphone-battery-wholesale-sourcing-guide-shenzhen,https://www.phonerepairspares.com/blog/iphone-battery-wholesale-sourcing-guide-shenzhen,2026-04-22T02:04:51.085Z,301 → /blog/how-can-you-find-trustworthy-wholesale-suppliers-for-mobile-phone-repair-parts-the-complete-quality-control-guide（wholesaler-verify 集群）
P2,MERGE_301,B2B,wholesaler-verify,how-can-you-find-trustworthy-wholesale-suppliers-for-mobile-phone-repair-parts-the-complete-quality-control-guide,discovered_not_crawled,True,,,,,spot-fake-phone-screens,https://www.phonerepairspares.com/blog/spot-fake-phone-screens,2026-04-22T02:04:51.085Z,301 → /blog/how-can-you-find-trustworthy-wholesale-suppliers-for-mobile-phone-repair-parts-the-complete-quality-control-guide（wholesaler-verify 集群）
P2,MERGE_301,B2B,wholesaler-verify,how-can-you-find-trustworthy-wholesale-suppliers-for-mobile-phone-repair-parts-the-complete-quality-control-guide,indexed_no_traffic,True,,,,,why-risk-your-business-on-single-source-display-suppliers,https://www.phonerepairspares.com/blog/why-risk-your-business-on-single-source-display-suppliers,2026-04-22T02:04:51.084Z,301 → /blog/how-can-you-find-trustworthy-wholesale-suppliers-for-mobile-phone-repair-parts-the-complete-quality-control-guide（wholesaler-verify 集群）
P2,MERGE_301,B2B,wholesaler-verify,how-can-you-find-trustworthy-wholesale-suppliers-for-mobile-phone-repair-parts-the-complete-quality-control-guide,discovered_not_crawled,True,,,,,first-wholesale-order-templates-repair-shop,https://www.phonerepairspares.com/blog/first-wholesale-order-templates-repair-shop,2026-04-22T02:04:51.085Z,301 → /blog/how-can-you-find-trustworthy-wholesale-suppliers-for-mobile-phone-repair-parts-the-complete-quality-control-guide（wholesaler-verify 集群）
P2,MERGE_301,B2B,wholesaler-verify,how-can-you-find-trustworthy-wholesale-suppliers-for-mobile-phone-repair-parts-the-complete-quality-control-guide,discovered_not_crawled,True,,,,,wholesale-iphone-screens-buyer-checklist,https://www.phonerepairspares.com/blog/wholesale-iphone-screens-buyer-checklist,2026-04-22T02:04:51.085Z,301 → /blog/how-can-you-find-trustworthy-wholesale-suppliers-for-mobile-phone-repair-parts-the-complete-quality-control-guide（wholesaler-verify 集群）
P2,MERGE_301,B2B,wholesaler-verify,how-can-you-find-trustworthy-wholesale-suppliers-for-mobile-phone-repair-parts-the-complete-quality-control-guide,discovered_not_crawled,True,,,,,how-repair-shops-should-structure-the-first-real-order-after-a-test-order,https://www.phonerepairspares.com/blog/how-repair-shops-should-structure-the-first-real-order-after-a-test-order,2026-04-22T02:04:51.085Z,301 → /blog/how-can-you-find-trustworthy-wholesale-suppliers-for-mobile-phone-repair-parts-the-complete-quality-control-guide（wholesaler-verify 集群）
P2,MERGE_301,B2B,wholesaler-verify,how-can-you-find-trustworthy-wholesale-suppliers-for-mobile-phone-repair-parts-the-complete-quality-control-guide,indexed_no_traffic,True,,,,,china-phone-parts-suppliers-quality-vs-cost,https://www.phonerepairspares.com/blog/china-phone-parts-suppliers-quality-vs-cost,2026-04-22T02:04:51.084Z,301 → /blog/how-can-you-find-trustworthy-wholesale-suppliers-for-mobile-phone-repair-parts-the-complete-quality-control-guide（wholesaler-verify 集群）
P2,MERGE_301,B2B,wholesaler-verify,how-can-you-find-trustworthy-wholesale-suppliers-for-mobile-phone-repair-parts-the-complete-quality-control-guide,discovered_not_crawled,True,,,,,doa-parts-policy-repair-shop-checklist,https://www.phonerepairspares.com/blog/doa-parts-policy-repair-shop-checklist,2026-04-22T02:04:51.085Z,301 → /blog/how-can-you-find-trustworthy-wholesale-suppliers-for-mobile-phone-repair-parts-the-complete-quality-control-guide（wholesaler-verify 集群）
P2,MERGE_301,B2B,wholesaler-verify,how-can-you-find-trustworthy-wholesale-suppliers-for-mobile-phone-repair-parts-the-complete-quality-control-guide,discovered_not_crawled,True,,,,,local-supplier-vs-china-direct-when-paying-more-saves-money,https://www.phonerepairspares.com/blog/local-supplier-vs-china-direct-when-paying-more-saves-money,2026-04-22T02:04:51.085Z,301 → /blog/how-can-you-find-trustworthy-wholesale-suppliers-for-mobile-phone-repair-parts-the-complete-quality-control-guide（wholesaler-verify 集群）
P2,MERGE_301,B2B,wholesaler-verify,how-can-you-find-trustworthy-wholesale-suppliers-for-mobile-phone-repair-parts-the-complete-quality-control-guide,discovered_not_crawled,True,,,,,best-cell-phone-parts-supplier-checklist-2025,https://www.phonerepairspares.com/blog/best-cell-phone-parts-supplier-checklist-2025,2026-04-22T02:04:51.085Z,301 → /blog/how-can-you-find-trustworthy-wholesale-suppliers-for-mobile-phone-repair-parts-the-complete-quality-control-guide（wholesaler-verify 集群）
P2,MERGE_301,B2B,wholesaler-verify,how-can-you-find-trustworthy-wholesale-suppliers-for-mobile-phone-repair-parts-the-complete-quality-control-guide,discovered_not_crawled,True,,,,,paying-china-phone-parts-supplier,https://www.phonerepairspares.com/blog/paying-china-phone-parts-supplier,2026-04-22T02:04:51.085Z,301 → /blog/how-can-you-find-trustworthy-wholesale-suppliers-for-mobile-phone-repair-parts-the-complete-quality-control-guide（wholesaler-verify 集群）
P2,MERGE_301,B2B,wholesaler-verify,how-can-you-find-trustworthy-wholesale-suppliers-for-mobile-phone-repair-parts-the-complete-quality-control-guide,discovered_not_crawled,True,,,,,huaqiangbei-vs-online-sourcing,https://www.phonerepairspares.com/blog/huaqiangbei-vs-online-sourcing,2026-04-22T02:04:51.085Z,301 → /blog/how-can-you-find-trustworthy-wholesale-suppliers-for-mobile-phone-repair-parts-the-complete-quality-control-guide（wholesaler-verify 集群）
P2,MERGE_301,B2B,wholesaler-verify,how-can-you-find-trustworthy-wholesale-suppliers-for-mobile-phone-repair-parts-the-complete-quality-control-guide,indexed_no_traffic,True,,,,,phone-parts-supplier-delays,https://www.phonerepairspares.com/blog/phone-parts-supplier-delays,2026-04-22T02:04:51.085Z,301 → /blog/how-can-you-find-trustworthy-wholesale-suppliers-for-mobile-phone-repair-parts-the-complete-quality-control-guide（wholesaler-verify 集群）
P2,MERGE_301,B2B,wholesaler-verify,how-can-you-find-trustworthy-wholesale-suppliers-for-mobile-phone-repair-parts-the-complete-quality-control-guide,discovered_not_crawled,True,,,,,moq-sample-orders-lead-time-wholesale,https://www.phonerepairspares.com/blog/moq-sample-orders-lead-time-wholesale,2026-04-22T02:04:51.085Z,301 → /blog/how-can-you-find-trustworthy-wholesale-suppliers-for-mobile-phone-repair-parts-the-complete-quality-control-guide（wholesaler-verify 集群）
P2,MERGE_301,B2B,wholesaler-verify,how-can-you-find-trustworthy-wholesale-suppliers-for-mobile-phone-repair-parts-the-complete-quality-control-guide,discovered_not_crawled,True,,,,,test-order-evaluate-phone-parts-supplier,https://www.phonerepairspares.com/blog/test-order-evaluate-phone-parts-supplier,2026-04-22T02:04:51.085Z,301 → /blog/how-can-you-find-trustworthy-wholesale-suppliers-for-mobile-phone-repair-parts-the-complete-quality-control-guide（wholesaler-verify 集群）
P2,MERGE_301,B2B,wholesaler-verify,how-can-you-find-trustworthy-wholesale-suppliers-for-mobile-phone-repair-parts-the-complete-quality-control-guide,discovered_not_crawled,True,,,,,how-to-verify-original-phone-screens-without-trusting-supplier-labels,https://www.phonerepairspares.com/blog/how-to-verify-original-phone-screens-without-trusting-supplier-labels,2026-04-22T02:04:51.085Z,301 → /blog/how-can-you-find-trustworthy-wholesale-suppliers-for-mobile-phone-repair-parts-the-complete-quality-control-guide（wholesaler-verify 集群）
P2,MERGE_301,B2B,wholesaler-verify,how-can-you-find-trustworthy-wholesale-suppliers-for-mobile-phone-repair-parts-the-complete-quality-control-guide,discovered_not_crawled,True,,,,,phone-parts-dispute-resolution,https://www.phonerepairspares.com/blog/phone-parts-dispute-resolution,2026-04-22T02:04:51.085Z,301 → /blog/how-can-you-find-trustworthy-wholesale-suppliers-for-mobile-phone-repair-parts-the-complete-quality-control-guide（wholesaler-verify 集群）
P2,FIX_OR_DELETE,B2B,wholesaler-verify,how-can-you-find-trustworthy-wholesale-suppliers-for-mobile-phone-repair-parts-the-complete-quality-control-guide,discovered_not_crawled,False,,,,,2025-iphone-battery-wholesale-sourcing-guide-factory-direct-from-shenzhen,https://www.phonerepairspares.com/blog/2025-iphone-battery-wholesale-sourcing-guide-factory-direct-from-shenzhen,,GSC 知道但 sitemap 没有：核实文章是否仍发布；若已废弃返回 410
P2,MERGE_301,B2B,wholesaler-verify,how-can-you-find-trustworthy-wholesale-suppliers-for-mobile-phone-repair-parts-the-complete-quality-control-guide,discovered_not_crawled,True,,,,,cell-phone-parts-wholesale-sourcing-guide,https://www.phonerepairspares.com/blog/cell-phone-parts-wholesale-sourcing-guide,2026-04-22T02:04:51.085Z,301 → /blog/how-can-you-find-trustworthy-wholesale-suppliers-for-mobile-phone-repair-parts-the-complete-quality-control-guide（wholesaler-verify 集群）
P2,MERGE_301,B2B,wholesaler-verify,how-can-you-find-trustworthy-wholesale-suppliers-for-mobile-phone-repair-parts-the-complete-quality-control-guide,discovered_not_crawled,True,,,,,prepare-mixed-order-list-before-contacting-supplier,https://www.phonerepairspares.com/blog/prepare-mixed-order-list-before-contacting-supplier,2026-04-22T02:04:51.085Z,301 → /blog/how-can-you-find-trustworthy-wholesale-suppliers-for-mobile-phone-repair-parts-the-complete-quality-control-guide（wholesaler-verify 集群）
P2,MERGE_301,B2B,wholesaler-verify,how-can-you-find-trustworthy-wholesale-suppliers-for-mobile-phone-repair-parts-the-complete-quality-control-guide,indexed_no_traffic,True,,,,,trustworthy-wholesale-phone-parts-suppliers-qc,https://www.phonerepairspares.com/blog/trustworthy-wholesale-phone-parts-suppliers-qc,2026-04-22T02:04:51.084Z,301 → /blog/how-can-you-find-trustworthy-wholesale-suppliers-for-mobile-phone-repair-parts-the-complete-quality-control-guide（wholesaler-verify 集群）
P3,REVIEW_MANUAL,B2C-misaligned,iphone-battery-cost,common-iphone-battery-quality-problems-wholesale-buyers-check,indexed_with_traffic,True,2,0,0.0,4.5,common-iphone-battery-quality-problems-wholesale-buyers-check,https://www.phonerepairspares.com/blog/common-iphone-battery-quality-problems-wholesale-buyers-check,2026-04-22T02:04:51.085Z,人工复核
P3,DELETE_NOINDEX,B2C-misaligned,iphone-battery-cost,common-iphone-battery-quality-problems-wholesale-buyers-check,discovered_not_crawled,True,,,,,iphone-battery-quality-repair-shops,https://www.phonerepairspares.com/blog/iphone-battery-quality-repair-shops,2026-04-22T02:04:51.085Z,B2C 错位 + 未抓取：noindex（保留 60 天后真删）
P3,DELETE_NOINDEX,B2C-misaligned,iphone-battery-cost,common-iphone-battery-quality-problems-wholesale-buyers-check,discovered_not_crawled,True,,,,,iphone-15-battery-replacement-no-battery-boot-guide,https://www.phonerepairspares.com/blog/iphone-15-battery-replacement-no-battery-boot-guide,2026-04-22T02:04:51.085Z,B2C 错位 + 未抓取：noindex（保留 60 天后真删）
P3,DELETE_NOINDEX,B2C-misaligned,iphone-battery-cost,common-iphone-battery-quality-problems-wholesale-buyers-check,discovered_not_crawled,True,,,,,iphone-battery-replacement-cost-2026,https://www.phonerepairspares.com/blog/iphone-battery-replacement-cost-2026,2026-04-22T02:04:51.085Z,B2C 错位 + 未抓取：noindex（保留 60 天后真删）
P3,DELETE_NOINDEX,B2C-misaligned,iphone-battery-cost,common-iphone-battery-quality-problems-wholesale-buyers-check,discovered_not_crawled,True,,,,,iphone-battery-stocking-by-model-2026,https://www.phonerepairspares.com/blog/iphone-battery-stocking-by-model-2026,2026-04-22T02:04:51.085Z,B2C 错位 + 未抓取：noindex（保留 60 天后真删）
P3,DELETE_NOINDEX,B2C-misaligned,iphone-battery-cost,common-iphone-battery-quality-problems-wholesale-buyers-check,discovered_not_crawled,True,,,,,iphone-battery-draining-fast-causes-replacement,https://www.phonerepairspares.com/blog/iphone-battery-draining-fast-causes-replacement,2026-04-22T02:04:51.085Z,B2C 错位 + 未抓取：noindex（保留 60 天后真删）
P3,DELETE_NOINDEX,B2C-misaligned,iphone-cost-by-model,iphone-screen-replacement-cost-uk-complete-price-guide-by-model-2026,discovered_not_crawled,True,,,,,iphone-screen-replacement-cost-guide,https://www.phonerepairspares.com/blog/iphone-screen-replacement-cost-guide,2026-04-22T02:04:51.085Z,B2C 错位 + 未抓取：noindex（保留 60 天后真删）
P3,DELETE_NOINDEX,B2C-misaligned,iphone-cost-by-model,iphone-screen-replacement-cost-uk-complete-price-guide-by-model-2026,discovered_not_crawled,True,,,,,iphone-11-screen-replacement,https://www.phonerepairspares.com/blog/iphone-11-screen-replacement,2026-04-22T02:04:51.085Z,B2C 错位 + 未抓取：noindex（保留 60 天后真删）
P3,DELETE_NOINDEX,B2C-misaligned,iphone-cost-by-model,iphone-screen-replacement-cost-uk-complete-price-guide-by-model-2026,discovered_not_crawled,True,,,,,iphone-12-screen-replacement-worth-it-2026,https://www.phonerepairspares.com/blog/iphone-12-screen-replacement-worth-it-2026,2026-04-22T02:04:51.085Z,B2C 错位 + 未抓取：noindex（保留 60 天后真删）
P3,DELETE_NOINDEX,B2C-misaligned,iphone-cost-by-model,iphone-screen-replacement-cost-uk-complete-price-guide-by-model-2026,discovered_not_crawled,True,,,,,iphone-16-pro-max-screen-replacement-uk-guide,https://www.phonerepairspares.com/blog/iphone-16-pro-max-screen-replacement-uk-guide,2026-04-22T02:04:51.085Z,B2C 错位 + 未抓取：noindex（保留 60 天后真删）
P3,DELETE_NOINDEX,B2C-misaligned,iphone-cost-by-model,iphone-screen-replacement-cost-uk-complete-price-guide-by-model-2026,discovered_not_crawled,True,,,,,iphone-13-screen-replacement-worth-it-2026,https://www.phonerepairspares.com/blog/iphone-13-screen-replacement-worth-it-2026,2026-04-22T02:04:51.085Z,B2C 错位 + 未抓取：noindex（保留 60 天后真删）
P3,DELETE_NOINDEX,B2C-misaligned,iphone-cost-by-model,iphone-screen-replacement-cost-uk-complete-price-guide-by-model-2026,discovered_not_crawled,True,,,,,iphone-screen-replacement-cost-uk-guide-2026,https://www.phonerepairspares.com/blog/iphone-screen-replacement-cost-uk-guide-2026,2026-04-22T02:04:51.085Z,B2C 错位 + 未抓取：noindex（保留 60 天后真删）
P3,DELETE_NOINDEX,B2C-misaligned,iphone-cost-by-model,iphone-screen-replacement-cost-uk-complete-price-guide-by-model-2026,discovered_not_crawled,True,,,,,iphone-12-screen-replacement,https://www.phonerepairspares.com/blog/iphone-12-screen-replacement,2026-04-22T02:04:51.085Z,B2C 错位 + 未抓取：noindex（保留 60 天后真删）
P3,DELETE_NOINDEX,B2C-misaligned,iphone-cost-by-model,iphone-screen-replacement-cost-uk-complete-price-guide-by-model-2026,discovered_not_crawled,True,,,,,iphone-xr-screen-replacement-cheapest-options-quality-comparison,https://www.phonerepairspares.com/blog/iphone-xr-screen-replacement-cheapest-options-quality-comparison,2026-04-22T02:04:51.085Z,B2C 错位 + 未抓取：noindex（保留 60 天后真删）
P3,DELETE_NOINDEX,B2C-misaligned,iphone-cost-by-model,iphone-screen-replacement-cost-uk-complete-price-guide-by-model-2026,discovered_not_crawled,True,,,,,iphone-11-screen-replacement-worth-it-2026,https://www.phonerepairspares.com/blog/iphone-11-screen-replacement-worth-it-2026,2026-04-22T02:04:51.085Z,B2C 错位 + 未抓取：noindex（保留 60 天后真删）
P3,DELETE_NOINDEX,B2C-misaligned,iphone-cost-by-model,iphone-screen-replacement-cost-uk-complete-price-guide-by-model-2026,discovered_not_crawled,True,,,,,iphone-se-screen-replacement-budget-friendly-repair-guide,https://www.phonerepairspares.com/blog/iphone-se-screen-replacement-budget-friendly-repair-guide,2026-04-22T02:04:51.085Z,B2C 错位 + 未抓取：noindex（保留 60 天后真删）
P3,DELETE_NOINDEX,B2C-misaligned,iphone-cost-by-model,iphone-screen-replacement-cost-uk-complete-price-guide-by-model-2026,discovered_not_crawled,True,,,,,iphone-8-screen-replacement,https://www.phonerepairspares.com/blog/iphone-8-screen-replacement,2026-04-22T02:04:51.085Z,B2C 错位 + 未抓取：noindex（保留 60 天后真删）
P3,DELETE_NOINDEX,B2C-misaligned,iphone-issues-diagnosis,iphone-unknown-part-warning-screen-replacement-ic-transfer,discovered_not_crawled,True,,,,,iphone-charging-port-replacement-guide,https://www.phonerepairspares.com/blog/iphone-charging-port-replacement-guide,2026-04-22T02:04:51.084Z,B2C 错位 + 未抓取：noindex（保留 60 天后真删）
P3,DELETE_NOINDEX,B2C-misaligned,iphone-issues-diagnosis,iphone-unknown-part-warning-screen-replacement-ic-transfer,discovered_not_crawled,True,,,,,iphone-display-ic-fault-diagnosis-real-time-method,https://www.phonerepairspares.com/blog/iphone-display-ic-fault-diagnosis-real-time-method,2026-04-22T02:04:51.085Z,B2C 错位 + 未抓取：noindex（保留 60 天后真删）
P3,DELETE_NOINDEX,B2C-misaligned,iphone-issues-diagnosis,iphone-unknown-part-warning-screen-replacement-ic-transfer,discovered_not_crawled,True,,,,,camera-not-working-after-iphone-screen-replacement,https://www.phonerepairspares.com/blog/camera-not-working-after-iphone-screen-replacement,2026-04-22T02:04:51.085Z,B2C 错位 + 未抓取：noindex（保留 60 天后真删）
P3,DELETE_NOINDEX,B2C-misaligned,iphone-issues-diagnosis,iphone-unknown-part-warning-screen-replacement-ic-transfer,discovered_not_crawled,True,,,,,common-iphone-screen-problems-2026,https://www.phonerepairspares.com/blog/common-iphone-screen-problems-2026,2026-04-22T02:04:51.085Z,B2C 错位 + 未抓取：noindex（保留 60 天后真删）
P3,DELETE_NOINDEX,B2C-misaligned,iphone-issues-diagnosis,iphone-unknown-part-warning-screen-replacement-ic-transfer,discovered_not_crawled,True,,,,,black-screen-display-vs-board-problem,https://www.phonerepairspares.com/blog/black-screen-display-vs-board-problem,2026-04-22T02:04:51.085Z,B2C 错位 + 未抓取：noindex（保留 60 天后真删）
P3,DELETE_NOINDEX,B2C-misaligned,iphone-issues-diagnosis,iphone-unknown-part-warning-screen-replacement-ic-transfer,discovered_not_crawled,True,,,,,iphone-screen-flickering-causes-fixes,https://www.phonerepairspares.com/blog/iphone-screen-flickering-causes-fixes,2026-04-22T02:04:51.085Z,B2C 错位 + 未抓取：noindex（保留 60 天后真删）
P3,DELETE_NOINDEX,B2C-misaligned,iphone-issues-diagnosis,iphone-unknown-part-warning-screen-replacement-ic-transfer,discovered_not_crawled,True,,,,,phone-screen-not-working-diagnosis,https://www.phonerepairspares.com/blog/phone-screen-not-working-diagnosis,2026-04-22T02:04:51.085Z,B2C 错位 + 未抓取：noindex（保留 60 天后真删）
P3,DELETE_NOINDEX,B2C-misaligned,iphone-issues-diagnosis,iphone-unknown-part-warning-screen-replacement-ic-transfer,discovered_not_crawled,True,,,,,iphone-charging-port-replacement-cost,https://www.phonerepairspares.com/blog/iphone-charging-port-replacement-cost,2026-04-22T02:04:51.085Z,B2C 错位 + 未抓取：noindex（保留 60 天后真删）
P3,DELETE_NOINDEX,B2C-misaligned,iphone-issues-diagnosis,iphone-unknown-part-warning-screen-replacement-ic-transfer,discovered_not_crawled,True,,,,,iphone-ghost-touch-screen-quality,https://www.phonerepairspares.com/blog/iphone-ghost-touch-screen-quality,2026-04-22T02:04:51.085Z,B2C 错位 + 未抓取：noindex（保留 60 天后真删）
P3,DELETE_NOINDEX,B2C-misaligned,iphone-issues-diagnosis,iphone-unknown-part-warning-screen-replacement-ic-transfer,discovered_not_crawled,True,,,,,charging-port-failures-after-replacement,https://www.phonerepairspares.com/blog/charging-port-failures-after-replacement,2026-04-22T02:04:51.085Z,B2C 错位 + 未抓取：noindex（保留 60 天后真删）
P3,DELETE_NOINDEX,B2C-misaligned,iphone-issues-diagnosis,iphone-unknown-part-warning-screen-replacement-ic-transfer,discovered_not_crawled,True,,,,,battery-complaints-after-replacement-repair-shops,https://www.phonerepairspares.com/blog/battery-complaints-after-replacement-repair-shops,2026-04-22T02:04:51.085Z,B2C 错位 + 未抓取：noindex（保留 60 天后真删）
P3,DELETE_NOINDEX,B2C-misaligned,iphone-issues-diagnosis,iphone-unknown-part-warning-screen-replacement-ic-transfer,discovered_not_crawled,True,,,,,iphone-pro-camera-dust-removal-and-prevention,https://www.phonerepairspares.com/blog/iphone-pro-camera-dust-removal-and-prevention,2026-04-22T02:04:51.085Z,B2C 错位 + 未抓取：noindex（保留 60 天后真删）
P3,DELETE_NOINDEX,B2C-misaligned,iphone-issues-diagnosis,iphone-unknown-part-warning-screen-replacement-ic-transfer,discovered_not_crawled,True,,,,,touch-not-working-after-screen-replacement,https://www.phonerepairspares.com/blog/touch-not-working-after-screen-replacement,2026-04-22T02:04:51.085Z,B2C 错位 + 未抓取：noindex（保留 60 天后真删）
P3,DELETE_NOINDEX,B2C-misaligned,iphone-issues-diagnosis,iphone-unknown-part-warning-screen-replacement-ic-transfer,discovered_not_crawled,True,,,,,iphone-boot-loop-after-screen-replacement-causes,https://www.phonerepairspares.com/blog/iphone-boot-loop-after-screen-replacement-causes,2026-04-22T02:04:51.085Z,B2C 错位 + 未抓取：noindex（保留 60 天后真删）
P3,DELETE_NOINDEX,B2C-misaligned,iphone-issues-diagnosis,iphone-unknown-part-warning-screen-replacement-ic-transfer,discovered_not_crawled,True,,,,,iphone-not-charging-diagnosis-charging-port-replacement,https://www.phonerepairspares.com/blog/iphone-not-charging-diagnosis-charging-port-replacement,2026-04-22T02:04:51.085Z,B2C 错位 + 未抓取：noindex（保留 60 天后真删）
P3,DELETE_NOINDEX,B2C-misaligned,samsung-specific,samsung-s23-s24-screen-replacement-guide,discovered_not_crawled,True,,,,,samsung-s23-s24-screen-replacement-guide,https://www.phonerepairspares.com/blog/samsung-s23-s24-screen-replacement-guide,2026-04-22T02:04:51.085Z,B2C 错位 + 未抓取：noindex（保留 60 天后真删）
P3,DELETE_NOINDEX,B2C-misaligned,samsung-specific,samsung-s23-s24-screen-replacement-guide,discovered_not_crawled,True,,,,,samsung-galaxy-s24-screen-replacement-uk,https://www.phonerepairspares.com/blog/samsung-galaxy-s24-screen-replacement-uk,2026-04-22T02:04:51.085Z,B2C 错位 + 未抓取：noindex（保留 60 天后真删）
P3,DELETE_NOINDEX,B2C-misaligned,samsung-specific,samsung-s23-s24-screen-replacement-guide,discovered_not_crawled,True,,,,,samsung-galaxy-z-flip-fold-inner-screen-replacement-guide,https://www.phonerepairspares.com/blog/samsung-galaxy-z-flip-fold-inner-screen-replacement-guide,2026-04-22T02:04:51.085Z,B2C 错位 + 未抓取：noindex（保留 60 天后真删）
P3,DELETE_NOINDEX,B2C-misaligned,samsung-specific,samsung-s23-s24-screen-replacement-guide,discovered_not_crawled,True,,,,,samsung-a15-screen-replacement-guide,https://www.phonerepairspares.com/blog/samsung-a15-screen-replacement-guide,2026-04-22T02:04:51.085Z,B2C 错位 + 未抓取：noindex（保留 60 天后真删）
P3,DELETE_NOINDEX,B2C-misaligned,screen-tech-edu,how-are-mobile-phone-screens-made-complete-production-process-analysis-from-lcd-to-oled,discovered_not_crawled,True,,,,,iphone-screens-wholesale-oled-incell-comparison,https://www.phonerepairspares.com/blog/iphone-screens-wholesale-oled-incell-comparison,2026-04-22T02:04:51.084Z,B2C 错位 + 未抓取：noindex（保留 60 天后真删）
P3,DELETE_NOINDEX,B2C-misaligned,screen-tech-edu,how-are-mobile-phone-screens-made-complete-production-process-analysis-from-lcd-to-oled,discovered_not_crawled,True,,,,,incell-vs-hard-oled-vs-soft-oled-which-screen-to-order,https://www.phonerepairspares.com/blog/incell-vs-hard-oled-vs-soft-oled-which-screen-to-order,2026-04-22T02:04:51.085Z,B2C 错位 + 未抓取：noindex（保留 60 天后真删）
P3,DELETE_NOINDEX,B2C-misaligned,screen-tech-edu,how-are-mobile-phone-screens-made-complete-production-process-analysis-from-lcd-to-oled,discovered_not_crawled,True,,,,,lcd-vs-oled-hard-soft-oled-repair-shops,https://www.phonerepairspares.com/blog/lcd-vs-oled-hard-soft-oled-repair-shops,2026-04-22T02:04:51.085Z,B2C 错位 + 未抓取：noindex（保留 60 天后真删）
P3,DELETE_NOINDEX,B2C-misaligned,screen-tech-edu,how-are-mobile-phone-screens-made-complete-production-process-analysis-from-lcd-to-oled,discovered_not_crawled,True,,,,,incell-soft-oled-hard-oled-cost-comparison-repair-shops,https://www.phonerepairspares.com/blog/incell-soft-oled-hard-oled-cost-comparison-repair-shops,2026-04-22T02:04:51.085Z,B2C 错位 + 未抓取：noindex（保留 60 天后真删）
